Energy Grid,Fitness_1,Fitness_2,Fitness_3
"(21, 71, 73, 88, 89, 94, 95, 98, 125)",0.107452313931238,0.2017226942437046,0.14474096371315848
"(3, 9, 13, 21, 67, 77, 94, 95, 125)",0.24814951052472134,0.04887844061943902,0.1853978163570973
"(9, 18, 78, 88, 89, 94, 97, 122, 138)",0.08210767112965145,0.11892892760384366,0.21775718572435476
"(3, 9, 13, 21, 70, 76, 94, 95, 122)",0.2519634951352624,0.048854197048306625,0.17383380842342677
"(9, 13, 21, 71, 73, 78, 94, 95, 124)",0.24084967288826986,0.059723514954246215,0.14238791386990368
"(3, 6, 7, 9, 13, 19, 23, 70, 130)",0.32778972275081175,0.017932764202648777,0.2437261107263503
"(20, 71, 73, 88, 89, 91, 94, 97, 133)",0.08890124395299792,0.20388032660595723,0.18867129606763422
"(9, 13, 21, 71, 73, 88, 89, 94, 95)",0.2512144088692808,0.05999570870140125,0.11095400562317204
"(21, 65, 78, 88, 89, 91, 94, 97, 122)",0.07749544447338241,0.20167088233721764,0.25375620113582775
"(9, 19, 71, 73, 88, 89, 94, 95, 138)",0.13147036785674582,0.11540302079660636,0.10255782283493997
"(9, 18, 22, 88, 89, 94, 95, 97, 122)",0.11370534913862285,0.09754974523283799,0.17309506419424336
"(9, 13, 19, 78, 88, 89, 94, 96, 125)",0.11292542555583707,0.0637071691689236,0.18342214289229297
"(9, 13, 19, 71, 73, 88, 94, 95, 122)",0.21323978775758068,0.06365299935695112,0.13860600720580918
"(9, 13, 21, 88, 89, 94, 95, 97, 122)",0.11376478320013161,0.05974366040839718,0.16049135509839152
"(9, 19, 65, 75, 88, 89, 94, 95, 124)",0.12280937236468592,0.11498418733880844,0.15165850499841205
"(3, 9, 13, 21, 66, 76, 88, 89, 130)",0.15374483667995764,0.04882669442095744,0.1959780459731174
"(21, 71, 74, 88, 89, 94, 95, 97, 122)",0.09903664226308284,0.201721388650823,0.16000374846990317
"(3, 9, 13, 21, 70, 73, 94, 95, 125)",0.27273305544352633,0.048891009559634324,0.14621917467927892
"(9, 13, 20, 71, 74, 88, 89, 94, 95)",0.24973457827206513,0.06219865135395242,0.12091165139608051
"(9, 19, 54, 88, 89, 94, 95, 97, 133)",0.11368547962896725,0.11440759672446355,0.16854888963762094
"(6, 7, 9, 13, 21, 71, 73, 94, 96)",0.40186721729042274,0.03312904347014023,0.18221581539003218
"(6, 7, 9, 13, 21, 68, 88, 89, 125)",0.1538977497190226,0.03290858623879911,0.20185093763472794
"(6, 7, 9, 13, 19, 87, 94, 95, 133)",0.24036975747813194,0.03679328441438101,0.19072982226489066
"(9, 19, 67, 74, 88, 89, 94, 95, 130)",0.13080306047129242,0.11516796248369121,0.13917939410901325
"(3, 9, 13, 19, 88, 89, 94, 95, 130)",0.14619693684577273,0.05287307908305616,0.1489806709254511
"(9, 13, 19, 78, 88, 89, 94, 97, 139)",0.09663016414274872,0.06373336098466786,0.19948704992990585
"(9, 19, 67, 78, 88, 89, 94, 97, 123)",0.09536661810810687,0.11524496799506556,0.2031254568180736
"(22, 78, 88, 89, 91, 94, 95, 97, 122)",0.07630623663727976,0.20606513086093825,0.2273479169446323
"(3, 9, 13, 21, 87, 90, 94, 95, 130)",0.1993977745964831,0.04889710097195932,0.17820238026737234
"(9, 19, 71, 73, 88, 89, 94, 96, 122)",0.11895869480211285,0.11541341457264387,0.1346561606823682
"(3, 9, 13, 21, 71, 73, 88, 89, 130)",0.15834472258460952,0.0489808753903086,0.14784951272821734
"(3, 9, 13, 21, 87, 91, 94, 95, 125)",0.1851339652948787,0.04887062346782478,0.1892735765652963
"(9, 13, 21, 75, 88, 89, 94, 95, 125)",0.12344690307675155,0.05972394681673465,0.15709163284702332
"(3, 9, 13, 21, 48, 88, 89, 97, 122)",0.1341484892656527,0.04846214922954084,0.22282597893424383
"(3, 9, 13, 21, 70, 75, 94, 95, 124)",0.26087723466660295,0.048859829556128775,0.1631720534437131
"(9, 19, 71, 73, 88, 89, 94, 95, 124)",0.12553706151503652,0.11536536112082274,0.10532119595033673
"(6, 7, 9, 13, 22, 88, 89, 94, 95)",0.26741455160404237,0.035590934875234126,0.17392711953887663
"(9, 19, 69, 88, 89, 94, 95, 98, 135)",0.1116596709847274,0.11533617854200606,0.15919996483288912
"(9, 19, 69, 74, 88, 89, 94, 95, 133)",0.13163528604971642,0.11529585114326524,0.1244323409035748
"(9, 19, 69, 74, 88, 89, 94, 95, 125)",0.12490817233054119,0.11527205245959515,0.12591785073600936
"(21, 71, 75, 88, 89, 94, 95, 97, 125)",0.09858688161400886,0.20167446596696936,0.17066296967056238
"(9, 13, 19, 71, 73, 88, 89, 97, 125)",0.1240089381765942,0.06367231927264128,0.15061043136121022
"(9, 19, 65, 74, 88, 89, 94, 97, 130)",0.1042748102361013,0.11504852931804244,0.193335854466695
"(3, 9, 13, 21, 78, 88, 89, 97, 122)",0.11489536171151149,0.04895244263426923,0.22624416062239716
"(19, 71, 73, 88, 89, 94, 95, 99, 133)",0.11788448207494218,0.20603113978532217,0.14168458948262397
"(3, 9, 13, 21, 71, 74, 94, 95, 122)",0.26411336077158065,0.04890573202160342,0.15236889073691695
"(9, 13, 19, 71, 88, 89, 94, 95, 125)",0.12826975143369002,0.0636421575630739,0.144494970630753
"(6, 7, 9, 13, 19, 23, 71, 73, 125)",0.3026134341099842,0.02546797893977404,0.19333680458440794
"(9, 13, 19, 88, 89, 94, 95, 97, 125)",0.11486592196890111,0.06373449830005129,0.1546356144375084
"(9, 19, 70, 73, 88, 89, 94, 95, 122)",0.12338583852460494,0.11534621122217703,0.11640768695983639
"(9, 13, 21, 78, 88, 89, 94, 97, 122)",0.09356899937532193,0.0597712069181614,0.2070150590479013
"(3, 6, 7, 9, 13, 21, 94, 95, 131)",0.36646800728528184,0.02525236266169928,0.20145008430780487
"(6, 7, 9, 13, 21, 74, 88, 89, 125)",0.14801904074633054,0.03291505394436023,0.21618924769110193
"(6, 7, 9, 13, 21, 88, 94, 95, 124)",0.23115612552376452,0.03285369177670927,0.19995534352919897
"(9, 19, 70, 77, 88, 89, 94, 97, 124)",0.09610303576304247,0.115369843800041,0.18866540135443133
"(9, 13, 21, 68, 76, 88, 89, 97, 124)",0.11949241682109368,0.05965910887240333,0.19444686047237536
"(3, 9, 13, 21, 65, 76, 88, 89, 122)",0.14023357921466006,0.04879205303711254,0.2032690845061188
"(9, 19, 71, 73, 88, 89, 94, 97, 130)",0.1055139609686706,0.11540035643716473,0.14666831535459368
"(3, 6, 7, 9, 13, 21, 88, 89, 124)",0.16239283143357353,0.025291134567512197,0.21390641664356047
"(9, 13, 21, 47, 88, 89, 94, 95, 125)",0.13751937948976323,0.059189224976464394,0.15439222453916635
"(9, 19, 68, 74, 88, 89, 94, 97, 130)",0.1042748102361013,0.11525523986254893,0.17759885914240703
"(9, 13, 21, 70, 73, 88, 89, 94, 95)",0.2512144088692808,0.05998647496007137,0.11978720074772475
"(3, 9, 13, 21, 88, 89, 94, 95, 122)",0.1372435933784356,0.048915119743518476,0.1559488312657492
"(3, 9, 13, 19, 71, 73, 88, 89, 130)",0.15834472258460952,0.052843652326546975,0.1462572404665743
"(9, 13, 19, 71, 73, 87, 94, 95, 124)",0.2191601030817364,0.06363943055962207,0.1324810784978312
"(9, 18, 28, 78, 88, 89, 94, 97, 122)",0.09356888809281239,0.10540919758490042,0.22349470889559708
"(9, 22, 78, 88, 89, 94, 95, 97, 122)",0.09235604468034975,0.14389782285537944,0.1981416331661705
"(9, 19, 69, 75, 88, 89, 94, 95, 125)",0.12344690307675155,0.11524478815793571,0.13280410031737533
"(9, 13, 19, 71, 73, 87, 94, 95, 137)",0.2266380922137955,0.06367419662567242,0.12974121634682023
"(9, 19, 69, 73, 88, 89, 94, 95, 135)",0.13156197712860795,0.1153128672411522,0.12315680354313463
"(3, 6, 7, 9, 13, 21, 87, 90, 124)",0.21683533428011303,0.0252743832761283,0.24208956946302052
"(9, 18, 78, 88, 89, 94, 95, 97, 138)",0.09322501428723906,0.11893830351314261,0.17191521240366592
"(21, 71, 73, 88, 89, 94, 95, 97, 122)",0.1002685787253148,0.20173437720782816,0.1486658031700735
"(3, 9, 13, 21, 71, 73, 88, 89, 122)",0.14476079202051262,0.048973178456504285,0.15186459801578378
"(21, 71, 73, 88, 89, 91, 94, 97, 122)",0.08528207393036746,0.20173067431588698,0.1945153773115711
"(3, 6, 7, 9, 13, 21, 66, 75, 124)",0.28806470511742277,0.02519251825187918,0.24479680116333025
"(3, 6, 7, 9, 13, 21, 71, 74, 124)",0.29506374643263367,0.025294061525013234,0.20930189800884103
"(9, 13, 21, 71, 73, 85, 94, 95, 125)",0.2412754657624201,0.05973228070779857,0.1361752783419109
"(9, 19, 69, 88, 89, 94, 95, 97, 122)",0.1039094015776999,0.11532195651433585,0.16454230628638644
"(9, 19, 70, 73, 88, 89, 94, 95, 130)",0.13208008541659988,0.11534356848498328,0.11218940612949269
"(9, 19, 67, 74, 88, 89, 94, 95, 123)",0.12480676533978718,0.11515873489641748,0.14340224899240317
"(6, 7, 9, 13, 20, 71, 73, 87, 124)",0.26205955751160737,0.035072778848291075,0.18505586483370762
"(6, 7, 9, 13, 21, 70, 74, 94, 95)",0.42228327081460715,0.03309354313982249,0.17007126090300373
"(9, 13, 19, 70, 88, 89, 94, 97, 125)",0.10535417718980988,0.06363786769077284,0.18752220707219525
"(9, 13, 19, 69, 88, 89, 94, 95, 131)",0.14002515150572825,0.06360250344167306,0.14135701481012963
"(3, 9, 13, 21, 71, 73, 94, 95, 125)",0.27273305544352633,0.04890013558076911,0.1371153577474632
"(21, 78, 88, 89, 91, 94, 97, 122, 140)",0.06610577001045848,0.20171237597357916,0.2674659499666787
"(9, 13, 21, 71, 74, 87, 94, 95, 124)",0.217931304094236,0.059724007968598114,0.14469110251302453
"(6, 7, 9, 13, 23, 78, 88, 89, 122)",0.13644047759720002,0.039209014222405414,0.22607048443701427
"(3, 6, 7, 9, 13, 19, 23, 87, 122)",0.2692254379367167,0.017928779516944382,0.2592557869373123
"(21, 69, 74, 88, 89, 91, 94, 97, 124)",0.08493316792320249,0.20167053158311032,0.2158681232704186
"(6, 7, 9, 13, 21, 71, 73, 94, 95)",0.4290098907763543,0.0331117795308572,0.15500480774836312
"(3, 9, 13, 19, 71, 73, 94, 95, 138)",0.27910225048406,0.05279643192904804,0.13367179474487267
"(9, 19, 71, 74, 88, 89, 94, 97, 122)",0.10025858882573435,0.1153944704623383,0.16239867764690963
"(9, 19, 71, 73, 88, 89, 94, 97, 122)",0.1014922006870258,0.11540619147384334,0.1510287476509654
"(4, 9, 13, 19, 88, 89, 94, 96, 122)",0.13286190604617,0.05415531443810806,0.18281031134160863
"(9, 13, 21, 88, 89, 94, 97, 124, 138)",0.10557126101544734,0.05974153697167184,0.19975903738442025
