Energy Grid,Fitness_1,Fitness_2,N_Groups
"(9, 13, 19, 70, 74, 86, 87, 88, 89, 90, 94, 95, 96, 97, 98, 102, 103, 105, 106, 108, 110, 111, 112, 138, 171, 260, 283)",0.02972091745237493,0.04532554415122547,27.0
"(3, 6, 7, 9, 13, 14, 19, 70, 74, 86, 87, 88, 89, 94, 95, 96, 97, 102, 103, 108, 110, 112, 138, 172, 260, 284)",0.040464794363150425,0.030371010318141045,26.0
"(9, 13, 19, 70, 74, 86, 87, 88, 89, 90, 94, 96, 97, 98, 102, 103, 105, 106, 108, 110, 111, 112, 138, 171, 260, 283)",0.030006099342583026,0.05752222847050514,26.0
"(9, 13, 19, 69, 86, 87, 88, 89, 90, 94, 95, 96, 97, 98, 102, 103, 105, 106, 108, 110, 111, 112, 138, 171, 260, 283)",0.029735875390560884,0.07126817593988244,26.0
"(9, 13, 19, 70, 86, 87, 88, 89, 90, 94, 96, 97, 98, 102, 103, 105, 106, 108, 110, 111, 112, 138, 171, 260, 283)",0.030018817313422708,0.0845534297438959,25.0
"(9, 19, 76, 86, 87, 88, 89, 90, 94, 95, 96, 97, 98, 102, 103, 105, 106, 108, 110, 111, 112, 138, 171, 260, 283)",0.029710746186121684,0.09979175660750761,25.0
"(3, 6, 7, 9, 13, 14, 19, 64, 70, 74, 87, 88, 89, 91, 94, 95, 97, 102, 103, 108, 110, 138, 173, 260, 279)",0.049623720334591725,0.031006623101090924,25.0
"(2, 9, 13, 14, 19, 70, 74, 86, 87, 88, 89, 90, 94, 95, 96, 97, 102, 103, 108, 110, 112, 138, 172, 260, 284)",0.039330351773111616,0.04099782876551883,25.0
"(19, 86, 87, 88, 89, 90, 91, 94, 96, 97, 98, 102, 103, 105, 106, 107, 108, 110, 111, 112, 138, 171, 260, 283)",0.02898413432398328,0.1659324468835538,24.0
"(9, 19, 86, 87, 88, 89, 90, 94, 96, 97, 98, 102, 103, 105, 106, 108, 110, 111, 112, 138, 171, 260, 283)",0.030047860469048615,0.11326329769856391,23.0
"(9, 19, 70, 73, 74, 87, 88, 89, 90, 94, 95, 96, 97, 102, 103, 105, 108, 110, 111, 138, 172, 260, 283)",0.037449654621155126,0.0651152944857607,23.0
"(3, 6, 7, 9, 13, 14, 19, 24, 70, 74, 87, 88, 89, 94, 95, 97, 102, 103, 108, 110, 138, 176, 260)",0.055816824135736076,0.03071359292528797,23.0
"(3, 6, 7, 9, 10, 13, 14, 19, 70, 74, 87, 88, 89, 94, 95, 97, 102, 103, 108, 110, 138, 171)",0.0691621196811727,0.03112990122573034,22.0
"(9, 13, 19, 70, 75, 86, 87, 88, 89, 94, 95, 96, 97, 102, 103, 105, 108, 110, 138, 171, 260, 283)",0.0384986918670599,0.050083633984460696,22.0
"(6, 7, 9, 13, 19, 70, 74, 87, 88, 89, 94, 95, 97, 101, 102, 103, 108, 110, 138, 173, 260, 289)",0.046274292631660496,0.038890913863468546,22.0
"(86, 87, 88, 89, 90, 94, 95, 96, 97, 98, 102, 103, 105, 106, 108, 110, 111, 112, 138, 171, 260, 283)",0.029764678767592145,0.24027758630142393,22.0
"(20, 86, 87, 88, 89, 90, 94, 96, 97, 98, 102, 103, 105, 106, 108, 110, 111, 112, 138, 171, 260, 283)",0.030047722412775868,0.16679105434339558,22.0
"(86, 87, 88, 89, 90, 94, 96, 97, 102, 103, 105, 106, 108, 110, 111, 112, 114, 138, 171, 260, 283)",0.029905150954761872,0.25443560552367295,21.0
"(28, 86, 87, 88, 89, 90, 94, 96, 97, 102, 103, 105, 106, 108, 110, 111, 112, 138, 171, 260, 283)",0.03088025001146777,0.19420394605524305,21.0
"(3, 6, 7, 9, 10, 13, 14, 19, 70, 74, 87, 88, 89, 94, 95, 102, 103, 108, 110, 138, 171)",0.1117886722454342,0.033117024156314456,21.0
"(9, 13, 19, 86, 87, 88, 89, 94, 96, 97, 98, 102, 103, 108, 110, 111, 112, 138, 171, 260, 283)",0.0355770670559753,0.09544892961869655,21.0
"(9, 13, 19, 70, 86, 87, 88, 89, 94, 95, 96, 97, 102, 103, 105, 108, 110, 138, 171, 260, 283)",0.03851618778072474,0.07452027504949077,21.0
"(6, 7, 9, 13, 14, 19, 70, 74, 87, 88, 89, 94, 95, 96, 102, 103, 108, 110, 138, 171)",0.0844588386911167,0.03566064862114504,20.0
"(9, 13, 19, 70, 74, 87, 88, 89, 94, 95, 97, 102, 103, 107, 108, 110, 138, 171, 260, 283)",0.044637499213309506,0.04962940336940169,20.0
"(3, 6, 7, 9, 13, 14, 19, 70, 74, 87, 88, 89, 94, 95, 102, 103, 108, 110, 138, 171)",0.1117886722454342,0.03530018671442248,20.0
"(9, 19, 86, 87, 88, 89, 94, 96, 97, 102, 103, 105, 106, 108, 110, 111, 138, 171, 260, 283)",0.033453131571809736,0.11362478137671461,20.0
"(6, 7, 9, 13, 19, 70, 74, 87, 88, 89, 94, 95, 97, 102, 103, 108, 110, 138, 171, 260)",0.05476303956812845,0.03860116089095267,20.0
"(9, 19, 86, 87, 88, 89, 94, 95, 96, 97, 102, 103, 105, 108, 110, 111, 138, 171, 260, 283)",0.035706516247732134,0.10128908352234023,20.0
"(6, 7, 9, 13, 19, 70, 74, 87, 88, 89, 94, 95, 97, 102, 103, 108, 110, 138, 171)",0.0691621196811727,0.03988166828416795,19.0
"(9, 19, 87, 88, 89, 94, 96, 97, 102, 103, 105, 106, 108, 110, 111, 138, 171, 261, 283)",0.037299806069537866,0.11378367532135603,19.0
"(6, 7, 9, 13, 19, 70, 74, 87, 88, 89, 94, 95, 96, 102, 103, 108, 110, 138, 171)",0.0844588386911167,0.039545183021274855,19.0
"(9, 13, 19, 70, 74, 87, 88, 89, 94, 95, 97, 102, 103, 105, 108, 110, 138, 171, 262)",0.05412239651320394,0.0487202708197193,19.0
"(9, 13, 19, 71, 75, 87, 88, 89, 94, 95, 97, 102, 103, 108, 110, 138, 171, 260, 283)",0.04474495302624648,0.06095736305060795,19.0
"(9, 19, 86, 87, 88, 89, 94, 97, 102, 103, 105, 108, 110, 111, 138, 171, 260, 283)",0.0391142849278,0.12364656308538802,18.0
"(9, 13, 19, 70, 75, 87, 88, 89, 94, 95, 97, 102, 103, 108, 110, 138, 260, 283)",0.05050436537689251,0.05630782918262667,18.0
"(6, 7, 9, 13, 14, 19, 70, 74, 87, 88, 89, 94, 95, 97, 102, 103, 138, 171)",0.09442854797706968,0.044451508634268055,18.0
"(6, 7, 9, 13, 19, 70, 74, 87, 88, 89, 94, 95, 102, 103, 108, 110, 138, 171)",0.1117886722454342,0.04188694217526179,18.0
"(9, 19, 70, 74, 87, 88, 89, 94, 95, 97, 102, 103, 108, 110, 138, 171, 260, 283)",0.044788209838502735,0.06878438384647412,18.0
"(19, 86, 87, 88, 89, 94, 95, 96, 97, 102, 103, 108, 110, 111, 138, 171, 260, 283)",0.03758170094250657,0.15463803965874534,18.0
"(9, 13, 19, 70, 74, 87, 88, 89, 94, 95, 97, 102, 103, 108, 110, 138, 171, 266)",0.05971206904755544,0.0497730346352645,18.0
"(86, 87, 88, 89, 94, 96, 97, 102, 103, 105, 106, 108, 110, 111, 138, 171, 260, 283)",0.03345515171940727,0.25609259444868393,18.0
"(9, 13, 14, 19, 70, 74, 87, 88, 89, 94, 95, 96, 102, 103, 108, 110, 138, 173)",0.08440644860391311,0.047263774273605175,18.0
"(9, 19, 70, 74, 87, 88, 89, 94, 96, 97, 102, 103, 108, 110, 138, 171, 262, 283)",0.044566093194958856,0.08058384041859501,18.0
"(9, 19, 70, 74, 87, 88, 89, 94, 95, 97, 102, 103, 108, 110, 138, 171, 260)",0.05476303956812845,0.06888729018048623,17.0
"(21, 86, 87, 88, 89, 94, 95, 97, 102, 103, 108, 110, 111, 138, 171, 260, 283)",0.03917499602444652,0.15805671831546786,17.0
"(9, 19, 87, 88, 89, 94, 95, 97, 102, 103, 105, 108, 110, 138, 171, 260, 283)",0.04331802382048755,0.10377848368403864,17.0
"(9, 13, 19, 70, 75, 87, 88, 89, 94, 96, 97, 102, 103, 108, 110, 138, 261)",0.06018265618145657,0.06806829042082452,17.0
"(9, 13, 21, 87, 88, 89, 94, 95, 97, 102, 103, 108, 110, 138, 171, 260, 283)",0.04520514864388803,0.08899542993842957,17.0
"(9, 19, 70, 75, 87, 88, 89, 94, 95, 97, 102, 103, 108, 110, 138, 260, 283)",0.05050436537689251,0.07544272992187939,17.0
"(6, 7, 9, 13, 19, 70, 74, 87, 88, 89, 94, 95, 96, 102, 103, 138, 171)",0.11015950118389761,0.048032440283801714,17.0
"(9, 13, 19, 70, 75, 87, 88, 89, 94, 95, 97, 102, 103, 108, 110, 138, 260)",0.06053988510885222,0.05640937484454922,17.0
"(6, 7, 9, 13, 19, 70, 75, 87, 88, 89, 94, 95, 97, 102, 103, 138, 171)",0.0943829200902766,0.05076938683151433,17.0
"(6, 7, 9, 13, 14, 19, 70, 74, 87, 88, 89, 94, 95, 102, 103, 138, 171)",0.13830408029630292,0.0464663928162764,17.0
"(9, 13, 19, 70, 74, 87, 88, 89, 94, 95, 97, 102, 103, 108, 110, 138, 171)",0.0691621196811727,0.051180138776750095,17.0
"(9, 19, 70, 74, 87, 88, 89, 94, 95, 97, 102, 103, 108, 110, 138, 171)",0.0691621196811727,0.0702095066930366,16.0
"(9, 19, 87, 88, 89, 94, 96, 97, 102, 103, 108, 110, 138, 171, 262, 283)",0.04498594287330926,0.11723737022731939,16.0
"(9, 13, 19, 70, 74, 87, 88, 89, 94, 95, 102, 103, 108, 110, 138, 171)",0.1117886722454342,0.05320934218319173,16.0
"(9, 19, 70, 87, 88, 89, 94, 95, 97, 102, 103, 108, 110, 138, 260, 283)",0.05067077312397483,0.10026795442331204,16.0
"(6, 7, 9, 13, 19, 70, 75, 87, 88, 89, 94, 95, 102, 103, 138, 171)",0.1382561292708282,0.05279771027847624,16.0
"(9, 13, 19, 87, 88, 89, 94, 95, 97, 102, 103, 108, 110, 138, 260, 280)",0.054973835128102055,0.08946323502278541,16.0
"(87, 88, 89, 94, 95, 97, 102, 103, 105, 108, 110, 111, 138, 171, 260, 283)",0.04048650722736424,0.24227003752001042,16.0
"(9, 13, 19, 70, 74, 87, 88, 89, 94, 95, 97, 102, 103, 107, 138, 171)",0.09362239972785624,0.05810905280228362,16.0
"(27, 86, 87, 88, 89, 94, 96, 97, 102, 103, 108, 110, 138, 171, 260, 283)",0.04071333536992705,0.19558968905372676,16.0
"(9, 13, 19, 70, 74, 87, 88, 89, 94, 95, 97, 102, 103, 138, 171, 260)",0.0796340908915878,0.05846485711391747,16.0
"(19, 86, 87, 88, 89, 94, 96, 97, 102, 103, 108, 110, 138, 171, 260, 283)",0.04071458459377575,0.17018746497647197,16.0
"(9, 19, 70, 75, 87, 88, 89, 94, 95, 97, 102, 103, 108, 110, 138, 260)",0.06053988510885222,0.07554637743499859,16.0
"(9, 19, 87, 88, 89, 94, 95, 97, 102, 103, 108, 110, 138, 260, 281)",0.05335469065343834,0.10931137619681597,15.0
"(9, 19, 87, 88, 89, 94, 97, 102, 103, 108, 110, 138, 171, 260, 283)",0.04704053827477428,0.1266904733080264,15.0
"(9, 21, 87, 88, 89, 94, 97, 102, 103, 108, 110, 138, 171, 260, 283)",0.047037523945774096,0.14103942621764753,15.0
"(21, 86, 88, 89, 94, 95, 97, 102, 103, 108, 110, 138, 171, 260, 283)",0.04588473057859088,0.16472533319957783,15.0
"(9, 13, 19, 87, 88, 89, 94, 95, 97, 102, 103, 108, 110, 138, 260)",0.06101088089220541,0.08958015887176296,15.0
"(9, 13, 19, 70, 74, 87, 88, 89, 94, 95, 96, 102, 103, 138, 171)",0.11015950118389761,0.0594288156088727,15.0
"(3, 9, 13, 19, 70, 74, 87, 88, 89, 94, 95, 102, 103, 138, 171)",0.13830408029630292,0.05747366555242772,15.0
"(87, 88, 89, 94, 96, 97, 102, 103, 108, 110, 111, 138, 171, 260, 283)",0.041060632981396505,0.2582734888624276,15.0
"(9, 13, 19, 87, 88, 89, 94, 95, 97, 102, 103, 108, 110, 138, 173)",0.06954151528369323,0.08702304075396528,15.0
"(9, 19, 70, 74, 87, 88, 89, 94, 95, 97, 102, 103, 110, 138, 260)",0.08071243844137177,0.0816148419504168,15.0
"(9, 19, 70, 87, 88, 89, 94, 95, 97, 102, 103, 108, 110, 138, 260)",0.060708070776724465,0.10037446209166645,15.0
"(9, 13, 19, 70, 74, 87, 88, 89, 94, 95, 97, 102, 103, 138, 171)",0.09442854797706968,0.0597724167276924,15.0
"(9, 19, 87, 88, 89, 94, 97, 102, 103, 108, 110, 138, 171, 263)",0.059210967017206184,0.1267203098996681,14.0
"(9, 19, 70, 74, 87, 88, 89, 94, 95, 97, 102, 103, 138, 262)",0.08741880299012839,0.08186223161194861,14.0
"(9, 13, 19, 70, 75, 87, 88, 89, 94, 95, 97, 102, 138, 260)",0.10201800424685203,0.07270609103666126,14.0
"(9, 19, 87, 88, 89, 94, 95, 97, 102, 103, 108, 110, 138, 171)",0.06959306834413292,0.10643738469664832,14.0
"(9, 19, 87, 88, 89, 94, 97, 102, 103, 108, 110, 138, 171, 260)",0.05703919328819229,0.12680020383064305,14.0
"(19, 87, 88, 89, 94, 95, 97, 102, 103, 108, 110, 138, 260, 282)",0.05210529979902201,0.16191840139832547,14.0
"(9, 19, 87, 88, 89, 94, 95, 97, 102, 103, 108, 110, 138, 261)",0.06199126292873969,0.10941662650257489,14.0
"(9, 13, 19, 70, 75, 87, 88, 89, 94, 95, 102, 103, 138, 171)",0.1382561292708282,0.06425211952758803,14.0
"(9, 19, 70, 75, 87, 88, 89, 94, 95, 97, 102, 103, 138, 171)",0.0943829200902766,0.08145663819097038,14.0
"(19, 87, 88, 89, 94, 97, 102, 103, 108, 110, 138, 171, 262, 283)",0.048136241550724934,0.18037502999622257,14.0
"(9, 13, 19, 87, 88, 89, 94, 95, 97, 102, 103, 138, 171, 261)",0.08080995133624758,0.09419173241320189,14.0
"(9, 20, 87, 88, 89, 94, 97, 102, 103, 108, 110, 138, 260, 283)",0.05281241522318969,0.13785033657645585,14.0
"(86, 87, 88, 89, 94, 97, 102, 103, 108, 110, 138, 171, 260, 283)",0.043852852108995366,0.27149686628398717,14.0
"(9, 13, 19, 70, 74, 87, 88, 89, 94, 95, 96, 102, 103, 138)",0.1258558292235996,0.065894866834597,14.0
"(9, 13, 19, 70, 74, 87, 88, 89, 94, 95, 97, 102, 138, 262)",0.10390273793576554,0.07023246143287631,14.0
"(19, 87, 88, 89, 94, 95, 97, 102, 103, 108, 110, 138, 262)",0.06276905466670823,0.1620177820612193,13.0
"(9, 13, 19, 87, 88, 89, 94, 95, 97, 102, 103, 138, 171)",0.09487152638105734,0.09558212403234545,13.0
"(9, 13, 19, 87, 88, 89, 94, 95, 97, 102, 103, 138, 261)",0.0870592099678682,0.09852549007077771,13.0
"(9, 13, 19, 70, 74, 88, 89, 94, 95, 97, 102, 138, 260)",0.12131113809711025,0.08146953634798004,13.0
"(22, 87, 88, 89, 94, 97, 102, 103, 108, 110, 138, 260, 283)",0.052809289908590684,0.19224614542771545,13.0
"(9, 19, 70, 74, 87, 88, 89, 94, 95, 97, 102, 103, 138)",0.10984744414904413,0.08558358083561757,13.0
"(9, 20, 87, 88, 89, 94, 97, 102, 103, 108, 110, 138, 260)",0.062872651098967,0.13796148765813376,13.0
"(9, 19, 87, 88, 89, 94, 97, 102, 103, 108, 110, 138, 171)",0.07147357007754107,0.12821025064137448,13.0
"(87, 88, 89, 94, 97, 102, 103, 108, 110, 138, 171, 263, 282)",0.0503564902044259,0.271457093655891,13.0
"(9, 13, 19, 70, 75, 88, 89, 94, 95, 97, 102, 138, 260)",0.12100258274941789,0.08438611938908303,13.0
"(33, 87, 88, 89, 94, 97, 102, 103, 108, 110, 138, 260, 283)",0.05278796280555187,0.22895980071943012,13.0
"(19, 87, 88, 89, 94, 97, 102, 103, 108, 110, 138, 171, 262)",0.058313389731138754,0.18045933976387107,13.0
"(9, 13, 19, 70, 74, 87, 88, 89, 94, 95, 102, 103, 138)",0.15452275252194336,0.06830285182223017,13.0
"(9, 19, 87, 88, 89, 94, 95, 97, 102, 103, 138, 171, 261)",0.08080995133624758,0.11414456595847655,13.0
"(47, 87, 88, 89, 94, 97, 102, 103, 108, 110, 138, 260)",0.06280335593624653,0.26554444067830296,12.0
"(9, 13, 21, 87, 88, 89, 94, 95, 97, 102, 103, 138)",0.11029487086979362,0.10617440708923132,12.0
"(19, 87, 88, 89, 94, 97, 102, 103, 108, 110, 138, 171)",0.07147357007754107,0.1820271421383225,12.0
"(22, 87, 88, 89, 94, 97, 102, 103, 108, 110, 138, 260)",0.0628694922336488,0.19236478271707924,12.0
"(9, 22, 87, 88, 89, 94, 97, 102, 103, 138, 260, 283)",0.07762765839063746,0.16522038871240796,12.0
"(87, 88, 89, 94, 97, 102, 103, 108, 110, 138, 171, 260)",0.05706114788506411,0.271638455246594,12.0
"(9, 19, 70, 75, 87, 88, 89, 94, 96, 102, 103, 138)",0.12612509974780406,0.10049600770182643,12.0
"(9, 13, 19, 70, 74, 88, 89, 94, 95, 97, 102, 138)",0.14655842222696847,0.08516936676162623,12.0
"(33, 87, 88, 89, 94, 97, 102, 103, 108, 110, 138, 260)",0.06284793618697726,0.22908408790201507,12.0
"(9, 13, 19, 87, 88, 89, 94, 95, 97, 102, 138, 260)",0.10251076717971175,0.10648166619860644,12.0
"(9, 19, 87, 88, 89, 94, 96, 97, 102, 103, 138, 260)",0.08467898071935087,0.1310957954948303,12.0
"(9, 19, 87, 88, 89, 94, 97, 102, 103, 110, 138, 261)",0.0840569791282324,0.14037128374727015,12.0
"(9, 19, 87, 88, 89, 94, 97, 102, 103, 138, 260, 283)",0.07763240171089414,0.14055880724368164,12.0
"(9, 19, 70, 74, 87, 88, 89, 94, 95, 96, 102, 138)",0.14307882903652802,0.09305701467890948,12.0
"(9, 13, 19, 87, 88, 89, 94, 95, 97, 102, 103, 138)",0.11029809951600777,0.10230854896079666,12.0
"(9, 13, 19, 70, 74, 88, 89, 94, 95, 102, 138, 262)",0.1685821757775554,0.0835459191579857,12.0
"(9, 13, 19, 70, 74, 87, 88, 89, 94, 95, 102, 138)",0.17234207673331725,0.07598618930912804,12.0
"(9, 19, 87, 88, 89, 94, 95, 97, 102, 103, 138, 262)",0.08785837712951172,0.11856892058179058,12.0
"(9, 22, 87, 88, 89, 94, 97, 102, 103, 138, 260)",0.08796157763562962,0.1653351846155785,11.0
"(9, 13, 19, 87, 88, 89, 94, 95, 102, 103, 138)",0.15499723370872365,0.10445359587213565,11.0
"(9, 13, 19, 70, 74, 88, 89, 94, 95, 102, 138)",0.19326415104645134,0.08727413305593124,11.0
"(31, 87, 88, 89, 94, 97, 102, 103, 138, 260, 283)",0.07761037935883486,0.23369505385698863,11.0
"(9, 19, 70, 74, 87, 88, 89, 94, 96, 102, 138)",0.14340174963490782,0.10590458462187569,11.0
"(9, 13, 19, 87, 88, 89, 94, 96, 102, 103, 138)",0.12663146403003023,0.11492530314850669,11.0
"(9, 19, 87, 88, 89, 94, 96, 102, 103, 138, 260)",0.10194421722099989,0.1314428190703082,11.0
"(87, 88, 89, 94, 97, 102, 103, 138, 171, 260, 283)",0.07172696537745282,0.282733686452028,11.0
"(19, 87, 88, 89, 94, 97, 102, 103, 138, 260, 281)",0.08008581401220882,0.19518918210711045,11.0
"(9, 19, 87, 88, 89, 94, 97, 102, 103, 138, 262)",0.08977661381171376,0.14064910113309403,11.0
"(19, 87, 88, 89, 94, 96, 97, 102, 103, 138, 260)",0.08467898071935087,0.18510323002334395,11.0
"(9, 19, 87, 88, 89, 94, 95, 97, 102, 103, 138)",0.11029809951600777,0.12244591411060557,11.0
"(9, 19, 70, 74, 87, 88, 89, 94, 95, 102, 138)",0.17234207673331725,0.09553731158230405,11.0
"(30, 87, 88, 89, 94, 97, 102, 103, 138, 260)",0.08794631696481703,0.23102779658973704,10.0
"(87, 88, 89, 94, 97, 102, 103, 138, 171, 260)",0.08199445856231158,0.28286729319466597,10.0
"(9, 13, 19, 87, 88, 89, 94, 96, 102, 138)",0.14387006735812835,0.12301700961099593,10.0
"(9, 19, 70, 74, 88, 89, 94, 95, 102, 138)",0.19326415104645134,0.10707237662781333,10.0
"(9, 19, 87, 88, 89, 94, 97, 102, 138, 261)",0.10548838988037623,0.14899313135068193,10.0
"(9, 19, 87, 88, 89, 94, 95, 97, 102, 138)",0.12721403902911277,0.13060761443060287,10.0
"(19, 87, 88, 89, 94, 97, 102, 103, 138, 262)",0.08977661381171376,0.1952974484351473,10.0
"(9, 22, 87, 88, 89, 94, 97, 102, 138, 260)",0.10445550316472996,0.17392052412277692,10.0
"(9, 13, 19, 87, 88, 89, 94, 95, 102, 138)",0.17282677933642188,0.11244982768790723,10.0
"(9, 19, 87, 88, 89, 94, 96, 102, 138, 260)",0.11869979523101748,0.13968986814671847,10.0
"(9, 19, 70, 75, 88, 89, 94, 96, 102, 138)",0.16327543476349404,0.12061148327255056,10.0
"(9, 19, 88, 89, 94, 95, 97, 102, 138, 262)",0.126400859180113,0.13882767367957294,10.0
"(9, 19, 87, 88, 89, 94, 95, 96, 102, 138)",0.14354697018327622,0.13023602934652956,10.0
"(20, 87, 88, 89, 94, 96, 102, 103, 138, 260)",0.10194264178339496,0.18617932880402832,10.0
"(9, 19, 87, 88, 89, 94, 96, 102, 138)",0.14387006735812835,0.1436411979643465,9.0
"(9, 19, 69, 88, 89, 94, 96, 102, 138)",0.1647094703590174,0.14126295769661334,9.0
"(9, 19, 87, 88, 89, 94, 95, 102, 138)",0.17282677933642188,0.1328226589886442,9.0
"(87, 88, 89, 94, 97, 102, 103, 138, 171)",0.09682757893065175,0.28458487419784473,9.0
"(9, 13, 19, 88, 89, 94, 95, 102, 138)",0.1967548358637038,0.12438570717345265,9.0
"(9, 19, 87, 88, 89, 94, 97, 102, 138)",0.12921896767376884,0.15300157042350027,9.0
"(9, 21, 88, 89, 94, 97, 102, 138, 260)",0.1264891788247785,0.17659751073630647,9.0
"(20, 87, 88, 89, 94, 97, 102, 138, 261)",0.10548680820069145,0.20493698437818986,9.0
"(20, 87, 88, 89, 94, 96, 102, 138, 260)",0.11869818984071356,0.19498693719248306,9.0
"(31, 87, 88, 89, 94, 97, 102, 138, 260)",0.10443770651475581,0.24318194291668227,9.0
"(9, 19, 88, 89, 94, 97, 102, 138)",0.15191576893298764,0.16551727331480026,8.0
"(87, 88, 89, 94, 97, 102, 138, 171)",0.11348644447853173,0.29462013875402504,8.0
"(19, 88, 89, 94, 97, 102, 138, 162)",0.13922556766725014,0.21598031253196592,8.0
"(9, 19, 88, 89, 94, 96, 102, 138)",0.16696595610337484,0.15601808120383975,8.0
"(9, 20, 88, 89, 94, 95, 102, 138)",0.19674174084359974,0.15193905890686132,8.0
"(9, 18, 88, 89, 94, 95, 102, 138)",0.19676755694480097,0.14491287221897586,8.0
"(34, 88, 89, 94, 97, 102, 138, 260)",0.12628619011897835,0.2660153575780857,8.0
"(7, 20, 88, 89, 94, 97, 102, 138)",0.15190336624936973,0.19668408037340845,8.0
"(22, 88, 89, 94, 97, 102, 138, 260)",0.12647640192086707,0.22513435571132157,8.0
"(9, 20, 88, 89, 94, 102, 138)",0.22843245024213532,0.1925456796684285,7.0
"(88, 89, 94, 96, 102, 138, 171)",0.15069149535922455,0.29424181597063914,7.0
"(27, 88, 89, 94, 97, 102, 138)",0.1518051677969633,0.249337174801038,7.0
"(19, 88, 89, 94, 97, 102, 138)",0.15191576893298764,0.22191025565967593,7.0
"(19, 88, 89, 94, 96, 102, 138)",0.16696595610337484,0.21173119536133234,7.0
"(88, 89, 94, 97, 102, 138, 173)",0.1358692147271967,0.30611631432623543,7.0
"(20, 88, 89, 94, 95, 102, 138)",0.19674174084359974,0.20082028898388316,7.0
"(9, 18, 88, 89, 94, 102, 138)",0.22845932672813152,0.18516927174342435,7.0
"(88, 89, 94, 102, 138, 171)",0.21090262678861005,0.3295405479237786,6.0
"(23, 88, 89, 94, 102, 138)",0.22838903635769436,0.2551527074238624,6.0
"(34, 88, 89, 94, 102, 138)",0.22818861379444533,0.29337729244060984,6.0
